INSERT INTO public.resorts (id, description, location, name, photo_cover, rating) VALUES (1, 'Il più bel lido che puoi trovare', 'Varigotti, Liguria', 'Baia dei Saraceni', 'https://storage.googleapis.com/pod_public/1300/122734.jpg', 4);
INSERT INTO public.resorts (id, description, location, name, photo_cover, rating) VALUES (2, 'Un luogo incantevole con acque cristalline e servizi di prima classe. Ideale per trascorrere una giornata rilassante sotto il sole salentino.', 'Gallipoli, Puglia', 'Lido Punta della Suina', 'https://storage.googleapis.com/pod_public/1300/122734.jpg', 4);
INSERT INTO public.resorts (id, description, location, name, photo_cover, rating) VALUES (3, 'Situato in una baia mozzafiato, questo lido offre paesaggi mozzafiato e una vasta gamma di attività acquatiche. Perfetto per famiglie e amanti del mare.', 'Otranto, Puglia', 'Lido Baia dei Turchi', 'https://storage.googleapis.com/pod_public/1300/122734.jpg', 5);
INSERT INTO public.resorts (id, description, location, name, photo_cover, rating) VALUES (4, 'Un oasi di tranquillità con acque termali naturali. Le piscine naturali rendono questo lido unico nel suo genere. Un luogo perfetto per rilassarsi e rigenerarsi.', 'Santa Cesarea Terme, Marche', 'Lido La Poesia', 'https://storage.googleapis.com/pod_public/1300/122734.jpg', 3);
INSERT INTO public.resorts (id, description, location, name, photo_cover, rating) VALUES (5, 'Un mix di divertimento e relax, con una spiaggia dorata e servizi moderni. Ideale per chi cerca una giornata di sole e mare senza rinunciare al comfort.', 'Porto Cesareo, Puglia', 'Lido Tabù', 'https://storage.googleapis.com/pod_public/1300/122734.jpg', 4);
INSERT INTO public.resorts (id, description, location, name, photo_cover, rating) VALUES (6, 'Una delle spiagge più famose della regione, con le sue imponenti scogliere e acque cristalline. Perfetto per gli amanti della natura e della tranquillità.', 'Torre dell''Orso, Puglia', 'Lido Le Orsette', 'https://storage.googleapis.com/pod_public/1300/122734.jpg', 5);
INSERT INTO public.resorts (id, description, location, name, photo_cover, rating) VALUES (7, 'Un lido ideale per le famiglie, con sabbia fine e acque poco profonde. Numerose attività per bambini e adulti rendono questo lido una scelta versatile per tutti.', 'Torre Lapillo, Puglia', 'Lido degli Angeli', 'https://storage.googleapis.com/pod_public/1300/122734.jpg', 4);
INSERT INTO public.resorts (id, description, location, name, photo_cover, rating) VALUES (8, 'Situato all''estremità meridionale del Salento, questo lido offre una vista mozzafiato e un''atmosfera unica. Perfetto per chi cerca un''esperienza autentica.', 'Leuca, Puglia', 'Lido Marina di Leuca', 'https://storage.googleapis.com/pod_public/1300/122734.jpg', 3);
INSERT INTO public.resorts (id, description, location, name, photo_cover, rating) VALUES (9, 'Un lido pittoresco con una lunga spiaggia dorata e acque cristalline. Ideale per chi ama lunghe passeggiate sulla spiaggia e tramonti indimenticabili.', 'Torre Pali, Liguria', 'Lido Pali', 'https://storage.googleapis.com/pod_public/1300/122734.jpg', 5);
INSERT INTO public.resorts (id, description, location, name, photo_cover, rating) VALUES (10, 'Situato in una delle zone più incontaminate del Salento, questo lido offre chilometri di spiagge di sabbia bianca. Perfetto per chi cerca tranquillità e bellezza naturale.', 'Punta Prosciutto, Puglia', 'Lido degli Achei', 'https://storage.googleapis.com/pod_public/1300/122734.jpg', 3);
INSERT INTO public.resorts (id, description, location, name, photo_cover, rating) VALUES (11, 'Una destinazione amata da chi cerca una spiaggia meno affollata. Spiagge incontaminate e un''atmosfera rilassata fanno di questo lido una scelta perfetta per la fuga dal caos.', 'Noli, Liguria', 'Lido Le Vele', 'https://storage.googleapis.com/pod_public/1300/122734.jpg', 4);

INSERT INTO public.services (id, name, category) VALUES (1, 'spiaggie_accessibili_a_disabili', 'accessibilità');
INSERT INTO public.services (id, name, category) VALUES (2, 'idromassaggio', 'benessere');
INSERT INTO public.services (id, name, category) VALUES (3, 'bar', 'ristorazione');
INSERT INTO public.services (id, name, category) VALUES (4, 'ristorante', 'ristorazione');
INSERT INTO public.services (id, name, category) VALUES (5, 'cabine', 'servizio');
INSERT INTO public.services (id, name, category) VALUES (6, 'acceso_animali', 'servizio');
INSERT INTO public.services (id, name, category) VALUES (7, 'doccia_calda', 'servizio');
INSERT INTO public.services (id, name, category) VALUES (8, 'posto_barca', 'servizio');
INSERT INTO public.services (id, name, category) VALUES (9, 'wifi', 'servizio');
INSERT INTO public.services (id, name, category) VALUES (10, 'tv', 'servizio');
INSERT INTO public.services (id, name, category) VALUES (11, 'giochi_da_tavolo', 'servizio');
INSERT INTO public.services (id, name, category) VALUES (12, 'carte', 'servizio');
INSERT INTO public.services (id, name, category) VALUES (13, 'videogiochi', 'servizio');
INSERT INTO public.services (id, name, category) VALUES (14, 'piscina', 'servizio');
INSERT INTO public.services (id, name, category) VALUES (15, 'animazione', 'servizi_per_famiglie');
INSERT INTO public.services (id, name, category) VALUES (16, 'area_giochi', 'servizi_per_famiglie');
INSERT INTO public.services (id, name, category) VALUES (17, 'palestra', 'sport_e_attività');
INSERT INTO public.services (id, name, category) VALUES (18, 'beach_volley', 'sport_e_attività');
INSERT INTO public.services (id, name, category) VALUES (19, 'beach_soccer', 'sport_e_attività');
INSERT INTO public.services (id, name, category) VALUES (20, 'calcio_balilla', 'sport_e_attività');
INSERT INTO public.services (id, name, category) VALUES (21, 'pedalo', 'sport_e_attività');
INSERT INTO public.services (id, name, category) VALUES (22, 'canoe', 'sport_e_attività');
INSERT INTO public.services (id, name, category) VALUES (23, 'corsi_di_windsurf', 'sport_e_attività');
INSERT INTO public.services (id, name, category) VALUES (24, 'corsi_kitesurfing', 'sport_e_attività');
INSERT INTO public.services (id, name, category) VALUES (25, 'corso_vela', 'sport_e_attività');

INSERT INTO public.resorts_services (resort_id, service_id) VALUES (1, 1);
INSERT INTO public.resorts_services (resort_id, service_id) VALUES (1, 2);
INSERT INTO public.resorts_services (resort_id, service_id) VALUES (1, 3);
INSERT INTO public.resorts_services (resort_id, service_id) VALUES (1, 7);
INSERT INTO public.resorts_services (resort_id, service_id) VALUES (2, 14);
INSERT INTO public.resorts_services (resort_id, service_id) VALUES (2, 8);
INSERT INTO public.resorts_services (resort_id, service_id) VALUES (3, 7);
INSERT INTO public.resorts_services (resort_id, service_id) VALUES (3, 9);
INSERT INTO public.resorts_services (resort_id, service_id) VALUES (3, 10);
INSERT INTO public.resorts_services (resort_id, service_id) VALUES (4, 1);
INSERT INTO public.resorts_services (resort_id, service_id) VALUES (4, 3);
INSERT INTO public.resorts_services (resort_id, service_id) VALUES (4, 25);
INSERT INTO public.resorts_services (resort_id, service_id) VALUES (5, 3);
INSERT INTO public.resorts_services (resort_id, service_id) VALUES (5, 10);
INSERT INTO public.resorts_services (resort_id, service_id) VALUES (5, 19);
INSERT INTO public.resorts_services (resort_id, service_id) VALUES (6, 1);
INSERT INTO public.resorts_services (resort_id, service_id) VALUES (6, 2);
INSERT INTO public.resorts_services (resort_id, service_id) VALUES (6, 11);
INSERT INTO public.resorts_services (resort_id, service_id) VALUES (7, 3);
INSERT INTO public.resorts_services (resort_id, service_id) VALUES (7, 13);
INSERT INTO public.resorts_services (resort_id, service_id) VALUES (7, 14);
INSERT INTO public.resorts_services (resort_id, service_id) VALUES (7, 15);
INSERT INTO public.resorts_services (resort_id, service_id) VALUES (8, 3);
INSERT INTO public.resorts_services (resort_id, service_id) VALUES (8, 12);
INSERT INTO public.resorts_services (resort_id, service_id) VALUES (8, 16);
INSERT INTO public.resorts_services (resort_id, service_id) VALUES (8, 17);
INSERT INTO public.resorts_services (resort_id, service_id) VALUES (9, 3);
INSERT INTO public.resorts_services (resort_id, service_id) VALUES (9, 18);
INSERT INTO public.resorts_services (resort_id, service_id) VALUES (9, 20);
INSERT INTO public.resorts_services (resort_id, service_id) VALUES (9, 21);
INSERT INTO public.resorts_services (resort_id, service_id) VALUES (10, 22);
INSERT INTO public.resorts_services (resort_id, service_id) VALUES (10, 23);
INSERT INTO public.resorts_services (resort_id, service_id) VALUES (11, 3);
INSERT INTO public.resorts_services (resort_id, service_id) VALUES (11, 24);
INSERT INTO public.resorts_services (resort_id, service_id) VALUES (11, 25);

INSERT INTO public.events (id, description, final_date, initial_date, name, resort_id) VALUES (1, 'Beach Volley Tournament', '2024-01-08', '2024-01-08 15:00:00.000000', 'Beach Volley Tournament', 1);
INSERT INTO public.events (id, description, final_date, initial_date, name, resort_id) VALUES (2, 'Aperitivo on the Beach', '2024-01-09', '2024-01-09 17:00:00.000000', 'Beach Aperitif', 1);
INSERT INTO public.events (id, description, final_date, initial_date, name, resort_id) VALUES (3, 'DJ Set by the Sea', '2024-01-10', '2024-01-10 20:00:00.000000', 'Seaside DJ Set', 2);
INSERT INTO public.events (id, description, final_date, initial_date, name, resort_id) VALUES (4, 'Animation for Kids', '2024-01-11', '2024-01-11 14:00:00.000000', 'Kids Animation', 2);
INSERT INTO public.events (id, description, final_date, initial_date, name, resort_id) VALUES (5, 'Card Tournament', '2024-01-12', '2024-01-12 18:00:00.000000', 'Card Game Tournament', 5);
INSERT INTO public.events (id, description, final_date, initial_date, name, resort_id) VALUES (6, 'Football Tournament', '2024-01-13', '2024-01-13 14:00:00.000000', 'Beach Football Tournament', 6);
INSERT INTO public.events (id, description, final_date, initial_date, name, resort_id) VALUES (7, 'Calcio Tennis Match', '2024-01-14', '2024-01-14 14:00:00.000000', 'Calcio Tennis Match', 7);
INSERT INTO public.events (id, description, final_date, initial_date, name, resort_id) VALUES (8, 'Sunset Yoga Session', '2024-01-16', '2024-01-16 17:00:00.000000', 'Beach Yoga', 8);
INSERT INTO public.events (id, description, final_date, initial_date, name, resort_id) VALUES (9, 'Sand Sculpture Contest', '2024-01-18', '2024-01-18 12:00:00.000000', 'Sand Sculpture Contest', 3);
INSERT INTO public.events (id, description, final_date, initial_date, name, resort_id) VALUES (10, 'Live Music on the Shore', '2024-01-20', '2024-01-20 19:30:00.000000', 'Seaside Concert', 4);
INSERT INTO public.events (id, description, final_date, initial_date, name, resort_id) VALUES (11, 'Family Picnic by the Sea', '2024-01-22', '2024-01-22 11:00:00.000000', 'Family Picnic', 5);
INSERT INTO public.events (id, description, final_date, initial_date, name, resort_id) VALUES (12, 'Kite Flying Festival', '2024-01-24', '2024-01-24 15:00:00.000000', 'Kite Flying Festival', 6);
INSERT INTO public.events (id, description, final_date, initial_date, name, resort_id) VALUES (13, 'Watercolor Painting Workshop', '2024-01-26', '2024-01-26 13:00:00.000000', 'Beach Art Workshop', 7);
INSERT INTO public.events (id, description, final_date, initial_date, name, resort_id) VALUES (14, 'Snorkeling Adventure', '2024-01-28', '2024-01-28 08:30:00.000000', 'Snorkeling Adventure', 8);
INSERT INTO public.events (id, description, final_date, initial_date, name, resort_id) VALUES (15, 'Outdoor Movie Night', '2024-01-30', '2024-01-30 19:00:00.000000', 'Seaside Movie Night', 9);
INSERT INTO public.events (id, description, final_date, initial_date, name, resort_id) VALUES (16, 'Salsa Dance Party', '2024-02-01', '2024-02-01 21:00:00.000000', 'Beach Salsa Party', 10);
INSERT INTO public.events (id, description, final_date, initial_date, name, resort_id) VALUES (17, 'Surfing Competition', '2024-02-03', '2024-02-03 12:00:00.000000', 'Surfing Competition', 2);
INSERT INTO public.events (id, description, final_date, initial_date, name, resort_id) VALUES (18, 'Seaside Painting Exhibition', '2024-02-05', '2024-02-05 15:30:00.000000', 'Art by the Sea', 3);
INSERT INTO public.events (id, description, final_date, initial_date, name, resort_id) VALUES (19, 'Sustainable Beach Cleanup', '2024-02-07', '2024-02-07 08:30:00.000000', 'Beach Cleanup Day', 4);
INSERT INTO public.events (id, description, final_date, initial_date, name, resort_id) VALUES (20, 'Seaside Wine Tasting', '2024-02-09', '2024-02-09 17:00:00.000000', 'Wine by the Waves', 5);
INSERT INTO public.events (id, description, final_date, initial_date, name, resort_id) VALUES (21, 'Sandcastle Building Workshop', '2024-02-11', '2024-02-11 12:00:00.000000', 'Sandcastle Workshop', 6);
INSERT INTO public.events (id, description, final_date, initial_date, name, resort_id) VALUES (22, 'Beachside Karaoke Night', '2024-02-13', '2024-02-13 19:00:00.000000', 'Karaoke by the Shore', 7);
INSERT INTO public.events (id, description, final_date, initial_date, name, resort_id) VALUES (23, 'Seashell Collection Fair', '2024-02-15', '2024-02-15 15:00:00.000000', 'Seashell Fair', 8);
INSERT INTO public.events (id, description, final_date, initial_date, name, resort_id) VALUES (24, 'Sunrise Meditation Session', '2024-02-17', '2024-02-17 05:00:00.000000', 'Meditation at Sunrise', 9);
INSERT INTO public.events (id, description, final_date, initial_date, name, resort_id) VALUES (25, 'Beach Fashion Show', '2024-02-19', '2024-02-19 17:00:00.000000', 'Seaside Fashion Show', 10);
INSERT INTO public.events (id, description, final_date, initial_date, name, resort_id) VALUES (26, 'Sailing Regatta', '2024-01-27', '2024-01-27 10:00:00.000000', 'Sailing Regatta', 11);

INSERT INTO public.reviews (id, description, rating, resort_id) VALUES (1, 'molto fantasioso', 4, 1);
INSERT INTO public.reviews (id, description, rating, resort_id) VALUES (2, 'Buon cibo, ma servizio lento.', 3, 1);
INSERT INTO public.reviews (id, description, rating, resort_id) VALUES (3, 'Vista spettacolare!', 5, 1);
INSERT INTO public.reviews (id, description, rating, resort_id) VALUES (4, 'Stanze pulite e accoglienti.', 4, 1);
INSERT INTO public.reviews (id, description, rating, resort_id) VALUES (5, 'Personale cordiale e disponibile.', 5, 1);
INSERT INTO public.reviews (id, description, rating, resort_id) VALUES (6, 'Camere rumorose di notte.', 2, 1);
INSERT INTO public.reviews (id, description, rating, resort_id) VALUES (7, 'Cibo mediocre, ma posizione fantastica.', 3, 2);
INSERT INTO public.reviews (id, description, rating, resort_id) VALUES (8, 'Servizio clienti pessimo.', 1, 2);
INSERT INTO public.reviews (id, description, rating, resort_id) VALUES (9, 'Atmosfera tranquilla e rilassante.', 5, 2);
INSERT INTO public.reviews (id, description, rating, resort_id) VALUES (10, 'Prezzi eccessivi per quello che offrono.', 2, 2);
INSERT INTO public.reviews (id, description, rating, resort_id) VALUES (11, 'Molte attività per tutta la famiglia.', 4, 2);
INSERT INTO public.reviews (id, description, rating, resort_id) VALUES (12, 'Bella piscina, ma sporca.', 2, 2);
INSERT INTO public.reviews (id, description, rating, resort_id) VALUES (13, 'Eccellente servizio e personale cortese.', 5, 2);
INSERT INTO public.reviews (id, description, rating, resort_id) VALUES (14, 'Mancanza di pulizia nelle camere.', 2, 2);
INSERT INTO public.reviews (id, description, rating, resort_id) VALUES (15, 'Colazione deliziosa con molte opzioni.', 4, 2);
INSERT INTO public.reviews (id, description, rating, resort_id) VALUES (16, 'Vicino a tutte le attrazioni principali.', 4, 2);
INSERT INTO public.reviews (id, description, rating, resort_id) VALUES (17, 'Bagni sporchi e mal mantenuti.', 1, 2);
INSERT INTO public.reviews (id, description, rating, resort_id) VALUES (18, 'Check-in veloce e processuale.', 5, 2);
INSERT INTO public.reviews (id, description, rating, resort_id) VALUES (19, 'Vicino a una bellissima spiaggia.', 5, 2);
INSERT INTO public.reviews (id, description, rating, resort_id) VALUES (20, 'Wifi instabile e lento.', 2, 2);
INSERT INTO public.reviews (id, description, rating, resort_id) VALUES (21, 'Rumori fastidiosi di notte.', 1, 2);
INSERT INTO public.reviews (id, description, rating, resort_id) VALUES (22, 'Prezzi ragionevoli e conveniente.', 4, 2);
INSERT INTO public.reviews (id, description, rating, resort_id) VALUES (23, 'Personale gentile, ma stanze vecchie.', 3, 4);
INSERT INTO public.reviews (id, description, rating, resort_id) VALUES (24, 'Bella vista dal balcone.', 5, 9);
INSERT INTO public.reviews (id, description, rating, resort_id) VALUES (25, 'Ristorante con cibo delizioso.', 4, 8);
INSERT INTO public.reviews (id, description, rating, resort_id) VALUES (26, 'Servizio in camera efficiente.', 4, 9);
INSERT INTO public.reviews (id, description, rating, resort_id) VALUES (27, 'Piscina ben curata e pulita.', 5, 9);
INSERT INTO public.reviews (id, description, rating, resort_id) VALUES (28, 'Rumori fastidiosi provenienti dalla strada.', 2, 9);
INSERT INTO public.reviews (id, description, rating, resort_id) VALUES (29, 'Posizione comoda per i trasporti pubblici.', 3, 7);
INSERT INTO public.reviews (id, description, rating, resort_id) VALUES (30, 'Colazione varia e abbondante.', 4, 11);
INSERT INTO public.reviews (id, description, rating, resort_id) VALUES (31, 'Wifi gratuito ma instabile.', 2, 10);
INSERT INTO public.reviews (id, description, rating, resort_id) VALUES (32, 'Personale disponibile a fornire informazioni turistiche.', 5, 6);

INSERT INTO public.resorts_information (resort_id, information) VALUES (1, 'Lun - Dom');
INSERT INTO public.resorts_information (resort_id, information) VALUES (1, '7:30 - 19:00');
INSERT INTO public.resorts_information (resort_id, information) VALUES (1, '+39 3453773947');
INSERT INTO public.resorts_information (resort_id, information) VALUES (2, 'Lun - Sab');
INSERT INTO public.resorts_information (resort_id, information) VALUES (2, '8:30 - 20:00');
INSERT INTO public.resorts_information (resort_id, information) VALUES (2, '+39 3664758782');
INSERT INTO public.resorts_information (resort_id, information) VALUES (3, 'Mar - Dom');
INSERT INTO public.resorts_information (resort_id, information) VALUES (3, '6:30 - 19:30');
INSERT INTO public.resorts_information (resort_id, information) VALUES (3, '+39 3331485664');
INSERT INTO public.resorts_information (resort_id, information) VALUES (4, 'Lun - Ven');
INSERT INTO public.resorts_information (resort_id, information) VALUES (4, '9:30 - 13:00 e 14:00 - 19:00');
INSERT INTO public.resorts_information (resort_id, information) VALUES (4, '+39 3881343236');
INSERT INTO public.resorts_information (resort_id, information) VALUES (5, 'Lun - Dom');
INSERT INTO public.resorts_information (resort_id, information) VALUES (5, '7:30 - 19:00');
INSERT INTO public.resorts_information (resort_id, information) VALUES (5, '+39 3543747485');
INSERT INTO public.resorts_information (resort_id, information) VALUES (6, 'Lun - Sab');
INSERT INTO public.resorts_information (resort_id, information) VALUES (6, '8:30 - 20:00');
INSERT INTO public.resorts_information (resort_id, information) VALUES (6, '+39 3664758782');
INSERT INTO public.resorts_information (resort_id, information) VALUES (7, 'Mar - Dom');
INSERT INTO public.resorts_information (resort_id, information) VALUES (7, '6:30 - 19:30');
INSERT INTO public.resorts_information (resort_id, information) VALUES (7, '+39 3346724153');
INSERT INTO public.resorts_information (resort_id, information) VALUES (8, 'Lun - Ven');
INSERT INTO public.resorts_information (resort_id, information) VALUES (8, '9:30 - 13:00 e 14:00 - 19:00');
INSERT INTO public.resorts_information (resort_id, information) VALUES (8, '+39 3143646457');
INSERT INTO public.resorts_information (resort_id, information) VALUES (9, 'Lun - Sab');
INSERT INTO public.resorts_information (resort_id, information) VALUES (9, '8:30 - 20:00');
INSERT INTO public.resorts_information (resort_id, information) VALUES (9, '+39 3234534254');
INSERT INTO public.resorts_information (resort_id, information) VALUES (10, 'Mar - Dom');
INSERT INTO public.resorts_information (resort_id, information) VALUES (10, '6:30 - 19:30');
INSERT INTO public.resorts_information (resort_id, information) VALUES (10, '+39 3234153245');
INSERT INTO public.resorts_information (resort_id, information) VALUES (11, 'Lun - Ven');
INSERT INTO public.resorts_information (resort_id, information) VALUES (11, '9:30 - 13:00 e 14:00 - 19:00');
INSERT INTO public.resorts_information (resort_id, information) VALUES (11, '+39 3245342534');